-- Seed data for the MySQL client compatibility tests.
-- Uses INSERT ... ON DUPLICATE KEY UPDATE for idempotency.
-- Boolean columns use 0/1 (MySQL BOOL = TINYINT(1)).
-- Array columns use JSON arrays.

INSERT INTO todos (id, done, task, due, tags) VALUES
    (1, 0, 'finish tutorial', '2030-01-01', '["go","sql"]'),
    (2, 1, 'pat the cat',     NULL,         '["pets"]'),
    (3, 0, 'do laundry',      '2030-06-15', '["chores","home"]')
ON DUPLICATE KEY UPDATE done=VALUES(done), task=VALUES(task), due=VALUES(due), tags=VALUES(tags);

INSERT INTO persons (id, name, age, email) VALUES
    (1, 'Alice', 30, 'alice@example.com'),
    (2, 'Bob',   25, 'bob@example.com'),
    (3, 'Carol', 35, 'carol@example.com')
ON DUPLICATE KEY UPDATE name=VALUES(name), age=VALUES(age), email=VALUES(email);

INSERT INTO assignments (id, person_id, todo_id) VALUES
    (1, 1, 1),
    (2, 2, 3)
ON DUPLICATE KEY UPDATE person_id=VALUES(person_id), todo_id=VALUES(todo_id);

INSERT INTO countries (id, name) VALUES
    (1, 'Germany'),
    (2, 'France'),
    (3, 'Japan')
ON DUPLICATE KEY UPDATE name=VALUES(name);

INSERT INTO cities (id, name, country_id) VALUES
    (1, 'Berlin', 1),
    (2, 'Munich', 1),
    (3, 'Paris',  2),
    (4, 'Tokyo',  3)
ON DUPLICATE KEY UPDATE name=VALUES(name), country_id=VALUES(country_id);

INSERT INTO channels (id, slug) VALUES
    (1, 'general'),
    (2, 'random'),
    (3, 'dev')
ON DUPLICATE KEY UPDATE slug=VALUES(slug);

INSERT INTO messages (id, message, channel_id, person_id) VALUES
    (1, 'hello world',  1, 1),
    (2, 'how are you',  1, 2),
    (3, 'good morning', 2, 3),
    (4, 'deploy done',  3, 1)
ON DUPLICATE KEY UPDATE message=VALUES(message), channel_id=VALUES(channel_id), person_id=VALUES(person_id);

INSERT INTO companies (id, name, address, phone) VALUES
    (1, 'Acme Corp', '123 Main St', '+1-555-0100'),
    (2, 'Globex',    '456 Oak Ave', '+1-555-0200')
ON DUPLICATE KEY UPDATE name=VALUES(name), address=VALUES(address), phone=VALUES(phone);

INSERT INTO people (id, name, age, company_id) VALUES
    (1, 'John Doe',   30, 1),
    (2, 'Jane Smith', 25, 1),
    (3, 'Bob Jones',  40, 2)
ON DUPLICATE KEY UPDATE name=VALUES(name), age=VALUES(age), company_id=VALUES(company_id);

-- movies has a UUID PK generated by the DB; seed with explicit ids for reproducibility.
INSERT INTO movies (id, name, tags, release_date) VALUES
    ('11111111-1111-1111-1111-111111111111', '2001: A Space Odyssey', '["sci-fi","classic"]',   '1968-04-02'),
    ('22222222-2222-2222-2222-222222222222', 'The Matrix',            '["sci-fi","action"]',    '1999-03-31'),
    ('33333333-3333-3333-3333-333333333333', 'Mad Max: Fury Road',    '["action","adventure"]', '2015-05-15'),
    ('44444444-4444-4444-4444-444444444444', 'Interstellar',          '["sci-fi","adventure"]', '2014-11-05')
ON DUPLICATE KEY UPDATE name=VALUES(name), tags=VALUES(tags), release_date=VALUES(release_date);

INSERT INTO items (id, name) VALUES
    (1, 'item one'),
    (2, 'item two')
ON DUPLICATE KEY UPDATE name=VALUES(name);
